Cluster,Accuracy
Cluster0,79.0999
Cluster1,83.15789474
Cluster2,73.33333333
