Algorithm,Accuracy
Logistic Regression,0.5967741935483871
SVM,0.12903225806451613
