Algorithm,MAE
Logistic Regression,0.6612903225806451
SVM,1.4193548387096775
