Algorithm,MSE
Logistic Regression,1.1774193548387097
SVM,1.0161290322580645
