Algorithm,R-SQUARED
Logistic Regression,0.2053797468354428
SVM,-0.5303797468354434
