Algorithm,RMSE
Logistic Regression,1.1430011430017144
SVM,1.5862310778250641
